Number,Name,Address,Phone,Email,Contact,Industry
1,Alex Corp,123 Main St,555-1234,info@alex.com,John Doe,Technology
2,Jover Solutions,456 Elm St,555-5678,contact@greensolutions.com,Jane Smith,Sustainability
3,Creative Studios,789 Maple Ave,555-9012,hello@creatiestudios.com,Michael Brown,Media & Design
4,Horizon Energy,420 Sun Ave,555-4321,renewables@horizon.com,Emma Green,Energy
5,Blue Sky Travel,100 Cloud Rd,555-7890,info@blueskytravel.com,David Miller,Travel
6,Stellar Tech,50 Innovation Way,555-1999,support@stellartech.com,Sarah Jones,Technology
7,Harmony Health,21 Main St,555-3456,info@harmonyhealth.com,Dr. Charles Lee,Healthcare
8,Vibrant Blooms,33 Garden Lane,555-1212,sales@vibrantblooms.com,Olivia Garcia,Agriculture
9,Clever Design,10 Creativity Dr,555-0000,hello@cleverdesign.com,Mark Anderson,Creative Services
10,Peak Fitness,80 Gym Blvd,555-5432,info@peakfitness.com,Emily Johnson,Fitness
11,Global Connect,67 World Ave,555-6789,sales@globalconnect.com,William Davis,Communications
12,Clearview Consulting,42 Insight Ln,555-7833,alexanderfiduccia@gmail.com,Bobby Brown,Community Service
13,Innovate Solutions,321 Tech Lane,555-1111,info@innovatesolutions.com,Alice Johnson,Technology
14,Eco-friendly Ventures,555 Green Blvd,555-2222,info@ecofriendlyventures.com,Chris White,Sustainability
15,Imagination Studios,789 Dream St,555-3333,hello@imaginationstudios.com,Michelle Black,Media & Design
16,Solar Horizon,123 Sunflower Ave,555-4444,solar@horizon.com,Matthew Green,Energy
17,Airborne Adventures,200 Sky Rd,555-5555,info@airborneadventures.com,Lisa Turner,Travel
18,Quantum Tech,75 Quantum Lane,555-6666,support@quantumtech.com,Robert Harris,Technology
19,Wellness Waves,15 Health Plaza,555-7777,info@wellnesswaves.com,Dr. Emily Davis,Healthcare
20,Nature's Bounty,44 Nature Lane,555-8888,sales@naturesbounty.com,James Robinson,Agriculture
21,Imaginative Solutions,5 Imagination Blvd,555-9999,hello@imaginativesolutions.com,Susan Adams,Creative Services
22,Peak Performance,90 Fitness Rd,555-1010,info@peakperformance.com,Michael White,Fitness
23,Global Innovations,78 Globe Ave,555-2020,sales@globalinnovations.com,Emma Taylor,Communications
24,Clear Insight,24 Visionary St,555-3030,info@clearinsight.com,Alexander Johnson,Community Service
25,CodeCrafters,123 Code Lane,555-4040,info@codecrafters.com,Samuel Wilson,Technology
26,Sustainable Solutions,456 Greenway Court,555-5050,info@sustainablesolutions.com,Anna Turner,Sustainability
27,Visionary Studios,789 Visionary Rd,555-6060,hello@visionarystudios.com,Christopher Brown,Media & Design
28,Wind Power Inc.,420 Windmill Ave,555-7070,windpower@inc.com,Olivia White,Energy
29,Cloud Nine Travels,100 Skyline Rd,555-8080,info@cloudninetravels.com,Nathan Miller,Travel
30,Future Tech Labs,50 Futuristic Lane,555-9090,support@futuretechlabs.com,Emily Parker,Technology
31,Healthy Habits Hub,21 Wellness St,555-0101,info@healthyhabitshub.com,Dr. Mark Lewis,Healthcare
32,Blossom Fields,33 Bloom Lane,555-1212,sales@blossomfields.com,Isabella Martinez,Agriculture
33,Creative Minds Co.,10 Innovation Blvd,555-2323,hello@creativemindsco.com,Andrew Clark,Creative Services
34,Vitality Vital,80 Health Rd,555-3434,info@vitalityvital.com,Samantha Johnson,Fitness
35,ConnectXpress,67 Connection Ave,555-4545,sales@connectxpress.com,Thomas Wilson,Communications
36,Strategic Insights,42 Strategy Lane,555-5656,info@strategicinsights.com,Alexandra Davis,Community Service
37,PixelCrafters,123 Pixel Plaza,555-6767,info@pixelcrafters.com,Jonathan Smith,Technology
38,Eco Innovators,555 Eco Ave,555-7878,info@ecoinnovators.com,Grace Turner,Sustainability
39,Dreamscape Studios,789 Dreamscape Rd,555-8989,hello@dreamscapestudios.com,Natalie Brown,Media & Design
40,Sunrise Energy,420 Sunrise Ave,555-9091,sunrise@energy.com,Brian Green,Energy
41,DeBolt Home Inspections,6996 Aurora St,781-5550,npdebolt@dcsdk12.org,Nicky Debolt,Building Compliance
42,Great Wolf Lodge,88 Alpha Rd,572-7823,wolf@alpha.net,Dennis Sierra,Beta Stomping
43,Highlands Ranch Welding,5243 Business Cir,843-2237,HRWelding@yahoo.com,Mary Williams,Manufacturing
44,Joe's Delivery,13485 Chicken St,476-2933,joesdelivery@gmail.com,Joe Hopkins,Food
45,Vail Ski,876 Ski Circle,+1 (720) 334 7581,vailskioutreach@gmail.com,Veronica Simpson,Tourism
